{
    "TerrainMaterial": {
        "MapHeightOffset": 0.00499999988824129,
        "ambientLightIntensity": 2.0,
        "bearingCreaseScalar": 5.94600009918213,
        "choppyLimit": 1.0,
        "choppyPower": 4.0,
        "creaseFlowOffset": 0.108000002801418,
        "creaseFlowSpeed": 0.176000013947487,
        "creaseForwardScalar": 0.0360000021755695,
        "creaseGridRepeat": 25.0000019073486,
        "creaseMapRepeat": 1.01400005817413,
        "creaseMipLevel": 0.0,
        "creaseRatio": 0.689000010490417,
        "directLightIntensity": 0.67600005865097,
        "dirtColor": {
            "x": 0.564705908298492,
            "y": 0.542091608047485,
            "z": 0.502699017524719
        },
        "dirtHeightToOpaque": 0.0300000011920929,
        "dirtTextureRepeat": 1.48600006103516,
        "dissolvedDirtDepthToDiffuse": 0.00609999988228083,
        "dissolvedDirtDesnsityScalar": 1000.00006103516,
        "foamAlphaStrength": 0.0,
        "foamDistortStrength": 0.0,
        "foamReat": 10.0,
        "fogColorAway": {
            "x": 0.699999988079071,
            "y": 0.699999988079071,
            "z": 0.699999988079071
        },
        "fogColorTowards": {
            "x": 1.0,
            "y": 0.899999976158142,
            "z": 0.699999988079071
        },
        "fogDensity": 0.0,
        "fogFalloff": 385.135009765625,
        "fogHeight": 0.176000013947487,
        "glowDetailPwoerr": 0.405000030994415,
        "glowDetailScalar": 0.115000002086163,
        "glowPower": 2.56800007820129,
        "glowScalar": 6.41900014877319,
        "heightScalar": 0.0,
        "hotRockColor": {
            "x": 0.0588235296308994,
            "y": 0.0588235296308994,
            "z": 0.0588235296308994
        },
        "hotRockColorA": {
            "x": 0.0666666701436043,
            "y": 0.0666666701436043,
            "z": 0.0666666701436043
        },
        "hotRockColorB": {
            "x": 0.0823529437184334,
            "y": 0.0823529437184334,
            "z": 0.0823529437184334
        },
        "hotRockFresnel": 0.682000041007996,
        "hotRockFresnelA": 1.0,
        "hotRockFresnelB": 1.0,
        "hotRockRoughness": 1.0,
        "hotRockRoughnessA": 0.62200003862381,
        "hotRockRoughnessB": 0.615000009536743,
        "lateralCreaseScalar": 3.58100008964539,
        "lightAltitude": -0.0872664675116539,
        "lightAzimuth": 0.593411982059479,
        "lightDistance": 1.14900004863739,
        "mapHeightOffset": 0.00499999988824129,
        "moltemColorScalar": 9.2160005569458,
        "moltenAlphaPower": 1.0,
        "moltenAlphaScalar": 1.21600008010864,
        "moltenColor": {
            "x": 1.0,
            "y": 0.436539769172668,
            "z": 0.188235282897949
        },
        "moltenCreaseAlpha": 0.797000050544739,
        "moltenCreaseAlphaPower": 1.05400002002716,
        "moltenFresnel": 1.0,
        "moltenMapAlphaPower": 1.08100008964539,
        "moltenMapAlphaScalar": 1.02700006961823,
        "moltenMapOffset": 0.00300000002607703,
        "moltenPlateAlpha": 1.0,
        "moltenPlateAlphaPower": 3.32400012016296,
        "moltenRoughness": 1.0,
        "rockColorA": {
            "x": 0.0530565157532692,
            "y": 0.0766510590910912,
            "z": 0.0901960805058479
        },
        "rockColorB": {
            "x": 0.103836990892887,
            "y": 0.113517247140408,
            "z": 0.125490203499794
        },
        "rockDetailBumpSlopePower": 13.2430009841919,
        "rockDetailBumpStrength": 1.24300003051758,
        "rockDetailDiffuseStrength": 0.0,
        "rockFresnelA": 1.0,
        "rockFresnelB": 0.108000002801418,
        "rockReflectivity": 0.00700000021606684,
        "rockRoughnessA": 0.953000068664551,
        "rockRoughnessB": 0.939000070095062,
        "shadowPenumbra": 0.0,
        "vegBump": 0.00100000004749745,
        "vegColor": {
            "x": 0.136806041002274,
            "y": 0.141176477074623,
            "z": 0.107404850423336
        },
        "waterColor": {
            "x": 0.431526303291321,
            "y": 0.863219082355499,
            "z": 0.901960790157318
        },
        "waterDepthToDiffuse": 0.00300000002607703,
        "waterDepthToFilter": 0.0130000002682209,
        "waterDepthToOpaque": 0.0007999999797903,
        "waterDepthToReflection": 0.00999999977648258,
        "waterFlowOffset": 1.11500000953674,
        "waterFlowRepeat": 6.1080002784729,
        "waterFlowSpeed": 0.135000005364418,
        "waterFoamRepeat": 5.97600030899048,
        "waterIndexOfRefraction": 0.99700003862381,
        "waterSpecularPower": 0.0810000002384186,
        "waterTranslucentColor": {
            "x": 0.218999996781349,
            "y": 0.41100001335144,
            "z": 0.391999989748001
        },
        "waterWaveSpeed": 0.0926999971270561,
        "waveAmplitude": 0.00100000004749745,
        "waveAmplitudeLacunarity": 0.351000010967255,
        "waveAngle0": 0.0,
        "waveAngle1": 4.0,
        "waveAngle2": 1.0,
        "waveAngle3": 2.0,
        "waveChoppy": 5.95100021362305,
        "waveChoppyEase": 0.262000024318695,
        "waveDepthMap": 0.0200000014156103,
        "waveEffectLimit": 0.00100000004749745,
        "waveEffectStrength": 0.0130000002682209,
        "waveFrequency": 16.0,
        "waveFrequencyLacunarity": 1.94600009918213,
        "waveOctavesNum": 4,
        "waveScale0": 1.0,
        "waveScale1": 2.0,
        "waveScale2": 4.0,
        "waveScale3": 8.0,
        "waveSpeed": 0.0020000000949949,
        "waveSpeed0": 8,
        "waveSpeed1": 8,
        "waveSpeed2": 8,
        "waveSpeed3": 8,
        "waveStrength0": 1.0,
        "waveStrength1": 1.89999997615814,
        "waveStrength2": 0.219999998807907,
        "waveStrength3": 1.0
    },
    "TerrainSimulationProcess": {
        "ambientTemperature": 0.0,
        "boilSpeed": 0.000299999985145405,
        "condenseSpeed": 7.999999797903e-05,
        "dirtDepositSpeed": 0.0470588020980358,
        "dirtDiffuseStrength": 0.00588000006973743,
        "dirtErodeSpeedMax": 0.229000017046928,
        "dirtErodeSpeedMin": 0.00500000035390258,
        "dirtMaxAngle": 0.00119999994058162,
        "dirtMinSlop": 0.0,
        "dirtMinSlope": 0.00176999997347593,
        "dirtPickupMinWaterSpeed": 0.0327957011759281,
        "dirtPickupRate": 9.99999974737875e-06,
        "dirtPickupSpeed": 5.00000023748726e-05,
        "dirtPickuptAndDepositSpeed": 1.51000003825175e-05,
        "dirtTransportSpeed": 0.00179999996908009,
        "dirtViscosity": 0.511000037193298,
        "drainMaxDepth": 0.0500000007450581,
        "drainRate": 0.000139999989187345,
        "erosionDirtDepthMax": 0.00119999994058162,
        "erosionMaxDepth": 0.00300000002607703,
        "erosionStrength": 7.04000001405802e-07,
        "erosionWaterDepthMax": 0.000999999931082129,
        "erosionWaterDepthMin": 9.99999974737875e-06,
        "erosionWaterSpeedMax": 0.0470000021159649,
        "evapourationRate": 0.0,
        "foamDecayRate": 0.995000064373016,
        "foamSpawnStrength": 0.0470000021159649,
        "heatAdvectSpeed": 6.76500034332275,
        "heatDiffuseStrength": 0.0,
        "m_vegGrowthRate": 0.0,
        "m_vegMaxDirt": 0.00242000003345311,
        "m_vegMaxSlope": 0.870589971542358,
        "m_vegMinDirt": 0.0,
        "m_vegMinSlope": 0.399999976158142,
        "maxDissolvedDirt": 0.0100000007078052,
        "maxErosionWaterVelocity": 0.0270000007003546,
        "meltSpeed": 5.2999999752501e-05,
        "moltenFluxDamping": 1.0,
        "moltenVelocityDamping": 0.800000011920929,
        "moltenVelocityScalar": 4.0,
        "moltenViscosity": 1.18600010871887,
        "moltenViscosityMax": 0.5,
        "moltenViscosityMin": 0.352000027894974,
        "mouseHeatStrength": 0.140000000596046,
        "mouseRadius": 0.0970000028610229,
        "mouseVolumeStrength": 0.0025299999397248,
        "rainRate": 0.0,
        "rockDiffuseStrength": 0.00499999988824129,