{
    "TerrainMaterial": {
        "MapHeightOffset": 0.00499999988824129,
        "ambientLightIntensity": 2.0,
        "bearingCreaseScalar": 3.71600008010864,
        "choppyLimit": 1.0,
        "choppyPower": 4.0,
        "creaseFlowOffset": 0.67600005865097,
        "creaseFlowSpeed": 0.135000005364418,
        "creaseForwardScalar": 0.0220000017434359,
        "creaseGridRepeat": 50.0000038146973,
        "creaseMapRepeat": 3.17600011825562,
        "creaseMipLevel": 3.73000025749207,
        "creaseRatio": 0.750000059604645,
        "directLightIntensity": 4.0,
        "dirtColor": {
            "x": 0.564705908298492,
            "y": 0.542091608047485,
            "z": 0.502699017524719
        },
        "dirtHeightToOpaque": 0.0300000011920929,
        "dirtTextureRepeat": 1.48600006103516,
        "dissolvedDirtDepthToDiffuse": 0.00609999988228083,
        "dissolvedDirtDesnsityScalar": 1000.00006103516,
        "foamAlphaStrength": 0.203000009059906,
        "foamDistortStrength": 0.0,
        "foamReat": 3.64900016784668,
        "fogColorAway": {
            "x": 0.699999988079071,
            "y": 0.699999988079071,
            "z": 0.699999988079071
        },
        "fogColorTowards": {
            "x": 1.0,
            "y": 0.899999976158142,
            "z": 0.699999988079071
        },
        "fogDensity": 0.0,
        "fogFalloff": 385.135009765625,
        "fogHeight": 0.176000013947487,
        "glowDetailPwoerr": 2.02700018882751,
        "glowDetailScalar": 0.513999998569489,
        "glowPower": 4.86500024795532,
        "glowScalar": 0.243000015616417,
        "hotRockColor": {
            "x": 0.0587466396391392,
            "y": 0.0717154070734978,
            "z": 0.0784313753247261
        },
        "hotRockColorA": {
            "x": 0.0666666701436043,
            "y": 0.0666666701436043,
            "z": 0.0666666701436043
        },
        "hotRockColorB": {
            "x": 0.0823529437184334,
            "y": 0.0823529437184334,
            "z": 0.0823529437184334
        },
        "hotRockFresnel": 0.480000019073486,
        "hotRockFresnelA": 1.0,
        "hotRockFresnelB": 1.0,
        "hotRockRoughness": 0.689000010490417,
        "hotRockRoughnessA": 0.62200003862381,
        "hotRockRoughnessB": 0.615000009536743,
        "lateralCreaseScalar": 6.68900012969971,
        "lightAltitude": -0.314159274101257,
        "lightAzimuth": 0.628318548202515,
        "lightDistance": 5.87800025939941,
        "mapHeightOffset": 0.00499999988824129,
        "moltemColorScalar": 4.33800029754639,
        "moltenAlphaPower": 1.91900014877319,
        "moltenAlphaScalar": 1.14900004863739,
        "moltenColor": {
            "x": 1.0,
            "y": 0.41743940114975,
            "z": 0.188235282897949
        },
        "moltenCreaseAlpha": 0.797000050544739,
        "moltenCreaseAlphaPower": 1.05400002002716,
        "moltenFresnel": 1.0,
        "moltenMapAlphaPower": 1.08100008964539,
        "moltenMapAlphaScalar": 1.02700006961823,
        "moltenMapOffset": 0.00300000002607703,
        "moltenPlateAlpha": 1.0,
        "moltenPlateAlphaPower": 3.32400012016296,
        "moltenRoughness": 1.0,
        "rockColorA": {
            "x": 0.0530565157532692,
            "y": 0.0766510590910912,
            "z": 0.0901960805058479
        },
        "rockColorB": {
            "x": 0.103836990892887,
            "y": 0.113517247140408,
            "z": 0.125490203499794
        },
        "rockDetailBumpSlopePower": 13.2430009841919,
        "rockDetailBumpStrength": 11.4860010147095,
        "rockDetailDiffuseStrength": 0.0,
        "rockFresnelA": 1.0,
        "rockFresnelB": 1.0,
        "rockRoughnessA": 0.838000059127808,
        "rockRoughnessB": 0.838000059127808,
        "shadowPenumbra": 0.0,
        "vegBump": 0.00100000004749745,
        "vegColor": {
            "x": 0.136806041002274,
            "y": 0.141176477074623,
            "z": 0.107404850423336
        },
        "waterColor": {
            "x": 0.431526303291321,
            "y": 0.863219082355499,
            "z": 0.901960790157318
        },
        "waterDepthToDiffuse": 0.00300000002607703,
        "waterDepthToFilter": 0.0130000002682209,
        "waterDepthToOpaque": 0.0007999999797903,
        "waterDepthToReflection": 0.00999999977648258,
        "waterFlowOffset": 0.203000009059906,
        "waterFlowRepeat": 6.1080002784729,
        "waterFlowSpeed": 0.311000019311905,
        "waterFoamRepeat": 5.97600030899048,
        "waterIndexOfRefraction": 1.0110000371933,
        "waterSpecularPower": 0.0810000002384186,
        "waterTranslucentColor": {
            "x": 0.218999996781349,
            "y": 0.41100001335144,
            "z": 0.391999989748001
        },
        "waterWaveSpeed": 0.0926999971270561,
        "waveAmplitude": 0.00100000004749745,
        "waveAmplitudeLacunarity": 0.351000010967255,
        "waveAngle0": 0.0,
        "waveAngle1": 4.0,
        "waveAngle2": 1.0,
        "waveAngle3": 2.0,
        "waveChoppy": 5.95100021362305,
        "waveChoppyEase": 0.262000024318695,
        "waveDepthMap": 0.0200000014156103,
        "waveEffectLimit": 0.00100000004749745,
        "waveEffectStrength": 0.0130000002682209,
        "waveFrequency": 16.0,
        "waveFrequencyLacunarity": 1.94600009918213,
        "waveOctavesNum": 4,
        "waveScale0": 1.0,
        "waveScale1": 2.0,
        "waveScale2": 4.0,
        "waveScale3": 8.0,
        "waveSpeed": 0.0020000000949949,
        "waveSpeed0": 8,
        "waveSpeed1": 8,
        "waveSpeed2": 8,
        "waveSpeed3": 8,
        "waveStrength0": 1.0,
        "waveStrength1": 1.89999997615814,
        "waveStrength2": 0.219999998807907,
        "waveStrength3": 1.0
    },
    "TerrainSimulationProcess": {
        "ambientTemperature": -0.0590000040829182,
        "boilSpeed": 0.000999999931082129,
        "condenseSpeed": 0.0306499991565943,
        "dirtDepositSpeed": 0.0470588020980358,
        "dirtDiffuseStrength": 0.00588000006973743,
        "dirtErodeSpeedMax": 0.229000017046928,
        "dirtErodeSpeedMin": 0.00500000035390258,
        "dirtMaxAngle": 0.00119999994058162,
        "dirtMinSlop": 0.0,
        "dirtMinSlope": 0.00176999997347593,
        "dirtPickupMinWaterSpeed": 0.0327957011759281,
        "dirtPickupRate": 9.99999974737875e-06,
        "dirtPickupSpeed": 5.00000023748726e-05,
        "dirtPickuptAndDepositSpeed": 1.51000003825175e-05,
        "dirtTransportSpeed": 0.00179999996908009,
        "dirtViscosity": 0.511000037193298,
        "drainMaxDepth": 0.0500000007450581,
        "drainRate": 0.0,
        "erosionDirtDepthMax": 0.00119999994058162,
        "erosionMaxDepth": 0.00300000002607703,
        "erosionStrength": 7.04000001405802e-07,
        "erosionWaterDepthMax": 0.000999999931082129,
        "erosionWaterDepthMin": 9.99999974737875e-06,
        "erosionWaterSpeedMax": 0.0470000021159649,
        "evapourationRate": 0.0,
        "foamDecayRate": 0.995000064373016,
        "foamSpawnStrength": 0.0470000021159649,
        "heatAdvectSpeed": 4.76500034332275,
        "heatDiffuseStrength": 0.0,
        "m_vegGrowthRate": 0.0,
        "m_vegMaxDirt": 0.00242000003345311,
        "m_vegMaxSlope": 0.870589971542358,
        "m_vegMinDirt": 0.0,
        "m_vegMinSlope": 0.399999976158142,
        "maxDissolvedDirt": 0.0100000007078052,
        "maxErosionWaterVelocity": 0.0270000007003546,
        "meltSpeed": 9.99999974737875e-05,
        "moltenFluxDamping": 1.0,
        "moltenVelocityDamping": 0.800000011920929,
        "moltenVelocityScalar": 0.323000013828278,
        "moltenViscosity": 0.806000053882599,
        "moltenViscosityMax": 0.5,
        "moltenViscosityMin": 0.352000027894974,
        "mouseHeatStrength": 5.0,
        "mouseRadius": 0.0530000030994415,
        "mouseVolumeStrength": 0.00399999972432852,
        "rainRate": 0.0,
        "rockDiffuseStrength": 0.00499999988824129,