{
    "TerrainMaterial": {
        "MapHeightOffset": 0.00499999988824129,
        "ambientLightIntensity": 2.0,
        "choppyLimit": 1.0,
        "choppyPower": 4.0,
        "directLightIntensity": 4.0,
        "dirtColor": {
            "x": 0.960784316062927,
            "y": 0.874213993549347,
            "z": 0.723414063453674
        },
        "fogColorAway": {
            "x": 0.699999988079071,
            "y": 0.699999988079071,
            "z": 0.699999988079071
        },
        "fogColorTowards": {
            "x": 1.0,
            "y": 0.899999976158142,
            "z": 0.699999988079071
        },
        "fogDensity": 5.06800031661987,
        "fogFalloff": 385.135009765625,
        "fogHeight": 0.176000013947487,
        "hotRockColorA": {
            "x": 0.0231757033616304,
            "y": 0.0325693748891354,
            "z": 0.0431372560560703
        },
        "hotRockColorB": {
            "x": 0.062745101749897,
            "y": 0.062745101749897,
            "z": 0.062745101749897
        },
        "hotRockFresnelA": 0.304000020027161,
        "hotRockFresnelB": 0.338000029325485,
        "hotRockRoughnessA": 0.628000020980835,
        "hotRockRoughnessB": 0.628000020980835,
        "lightAltitude": -0.366519153118134,
        "lightAzimuth": -0.558505356311798,
        "mapHeightOffset": 0.00499999988824129,
        "moltenColor": {
            "x": 1.0,
            "y": 0.304498255252838,
            "z": 0.117647051811218
        },
        "moltenFresnel": 1.0,
        "moltenMapAlphaPower": 0.811000049114227,
        "moltenMapAlphaScalar": 4.0,
        "moltenMapOffset": 0.0020000000949949,
        "moltenRoughness": 1.0,
        "rockColorA": {
            "x": 0.0744790509343147,
            "y": 0.100335530936718,
            "z": 0.113725490868092
        },
        "rockColorB": {
            "x": 0.23137255012989,
            "y": 0.23137255012989,
            "z": 0.23137255012989
        },
        "rockFresnelA": 0.730000019073486,
        "rockFresnelB": 1.0,
        "rockRoughnessA": 1.0,
        "rockRoughnessB": 0.966000020503998,
        "vegBump": 0.00100000004749745,
        "vegColor": {
            "x": 0.10819947719574,
            "y": 0.141176477074623,
            "z": 0.107404850423336
        },
        "waterColor": {
            "x": 0.630434453487396,
            "y": 0.780392169952393,
            "z": 0.718644857406616
        },
        "waterIndexOfRefraction": 1.0,
        "waterSpecularPower": 133.262008666992,
        "waterTranslucentColor": {
            "x": 0.218999996781349,
            "y": 0.41100001335144,
            "z": 0.391999989748001
        },
        "waveAmplitude": 0.00100000004749745,
        "waveAmplitudeLacunarity": 0.351000010967255,
        "waveAngle0": 0.0,
        "waveAngle1": 4.0,
        "waveAngle2": 1.0,
        "waveAngle3": 2.0,
        "waveChoppy": 5.95100021362305,
        "waveChoppyEase": 0.262000024318695,
        "waveDepthMap": 0.0200000014156103,
        "waveEffectLimit": 0.00100000004749745,
        "waveEffectStrength": 0.0130000002682209,
        "waveFrequency": 16.0,
        "waveFrequencyLacunarity": 1.94600009918213,
        "waveOctavesNum": 4,
        "waveScale0": 1.0,
        "waveScale1": 2.0,
        "waveScale2": 4.0,
        "waveScale3": 8.0,
        "waveSpeed": 0.0020000000949949,
        "waveSpeed0": 8,
        "waveSpeed1": 8,
        "waveSpeed2": 8,
        "waveSpeed3": 8,
        "waveStrength0": 1.0,
        "waveStrength1": 1.89999997615814,
        "waveStrength2": 0.219999998807907,
        "waveStrength3": 1.0
    },
    "TerrainSimulationProcess": {
        "ambientTemperature": 0.0,
        "boilSpeed": 0.00100000004749745,
        "condenseSpeed": 0.00999999977648258,
        "dirtDepositSpeed": 0.00770589988678694,
        "dirtDiffuseStrength": 0.0123499995097518,
        "dirtErodeSpeedMax": 0.229000017046928,
        "dirtErodeSpeedMin": 0.00500000035390258,
        "dirtMinSlop": 0.0,
        "dirtMinSlope": 0.00176999997347593,
        "dirtPickupMinWaterSpeed": 0.00058819999685511,
        "dirtPickupRate": 0.000208800003747456,
        "dirtPickupSpeed": 5.00000023748726e-05,
        "dirtPickuptAndDepositSpeed": 1.51000003825175e-05,
        "dirtTransportSpeed": 0.229409992694855,
        "erosionDirtDepthMax": 0.00199999986216426,
        "erosionMaxDepth": 0.00300000002607703,
        "erosionStrength": 2.90000007225899e-05,
        "erosionWaterDepthMax": 0.000999999931082129,
        "erosionWaterDepthMin": 1.99999994947575e-05,
        "erosionWaterSpeedMax": 0.0540000014007092,
        "evapourationRate": 0.0,
        "heatAdvectSpeed": 0.435000032186508,
        "heatDiffuseStrength": 0.0,
        "m_vegGrowthRate": 0.000590000010561198,
        "m_vegMaxDirt": 0.00128999992739409,
        "m_vegMaxSlope": 0.360219985246658,
        "m_vegMinDirt": 5.99999984842725e-05,
        "m_vegMinSlope": 0.0,
        "maxDissolvedDirt": 0.0100000007078052,
        "maxErosionWaterVelocity": 0.0270000007003546,
        "meltSpeed": 4.99999987368938e-05,
        "moltenFluxDamping": 0.978000044822693,
        "moltenVelocityDamping": 0.822000026702881,
        "moltenVelocityScalar": 2.2590000629425,
        "moltenViscosity": 0.5,
        "moltenViscosityMax": 0.5,
        "moltenViscosityMin": 0.352000027894974,
        "mouseHeatStrength": 0.680000007152557,
        "mouseRadius": 0.105000004172325,
        "mouseVolumeStrength": 0.00459000002592802,
        "rainRate": 2.90000002678426e-07,
        "rockDiffuseStrength": 0.00499999988824129,
        "rockMeltingPoint": 0.300000011920929,
        "tempChangeSpeed": 0.000529999961145222,
        "textureCycleSpeed": 0.0,
        "textureScrollSpeed": 0.13400000333786,
        "waterBoilingPoint": 0.100000001490116,
        "waterDiffuseStrength": 0.456989973783493,
        "waterFluxDamping": 0.990000069141388,
        "waterFreezingPoint": 0.0,
        "waterVelocityDamping": 0.956000030040741,
        "waterVelocityScalar": 1.07999992370605,
        "waterViscosity": 0.46000000834465
    },
    "global": {}
}