{
    "TerrainMaterial": {
        "MapHeightOffset": 0.00499999988824129,
        "ambientLightIntensity": 1.02400004863739,
        "bearingCreaseScalar": 527.027038574219,
        "choppyLimit": 1.0,
        "choppyPower": 4.0,
        "creaseForwardScalar": 0.0200000014156103,
        "creaseMipLevel": 2.16200017929077,
        "directLightIntensity": 2.04900002479553,
        "dirtColor": {
            "x": 0.564705908298492,
            "y": 0.542091608047485,
            "z": 0.502699017524719
        },
        "dirtHeightToOpaque": 0.0300000011920929,
        "dirtTextureRepeat": 1.48600006103516,
        "dissolvedDirtDepthToDiffuse": 0.00609999988228083,
        "dissolvedDirtDesnsityScalar": 1000.00006103516,
        "foamAlphaStrength": 0.67600005865097,
        "foamDistortStrength": 0.0,
        "foamReat": 3.04100012779236,
        "fogColorAway": {
            "x": 0.699999988079071,
            "y": 0.699999988079071,
            "z": 0.699999988079071
        },
        "fogColorTowards": {
            "x": 1.0,
            "y": 0.899999976158142,
            "z": 0.699999988079071
        },
        "fogDensity": 0.0,
        "fogFalloff": 385.135009765625,
        "fogHeight": 0.176000013947487,
        "hotRockColor": {
            "x": 0.0,
            "y": 0.0,
            "z": 0.0
        },
        "hotRockColorA": {
            "x": 0.0666666701436043,
            "y": 0.0666666701436043,
            "z": 0.0666666701436043
        },
        "hotRockColorB": {
            "x": 0.0823529437184334,
            "y": 0.0823529437184334,
            "z": 0.0823529437184334
        },
        "hotRockFresnel": 1.0,
        "hotRockFresnelA": 1.0,
        "hotRockFresnelB": 1.0,
        "hotRockRoughness": 0.703000009059906,
        "hotRockRoughnessA": 0.62200003862381,
        "hotRockRoughnessB": 0.615000009536743,
        "lateralCreaseScalar": 1.0,
        "lightAltitude": -0.244346112012863,
        "lightAzimuth": 0.733038306236267,
        "lightDistance": 1.95100009441376,
        "mapHeightOffset": 0.00499999988824129,
        "moltenColor": {
            "x": 1.0,
            "y": 0.41743940114975,
            "z": 0.188235282897949
        },
        "moltenFresnel": 1.0,
        "moltenMapAlphaPower": 8.0,
        "moltenMapAlphaScalar": 8.0,
        "moltenMapOffset": 0.0100000007078052,
        "moltenRoughness": 1.0,
        "rockColorA": {
            "x": 0.0745098069310188,
            "y": 0.0648673623800278,
            "z": 0.0
        },
        "rockColorB": {
            "x": 0.219607844948769,
            "y": 0.219607844948769,
            "z": 0.219607844948769
        },
        "rockDetailBumpStrength": 27.0270004272461,
        "rockDetailDiffuseStrength": 0.0,
        "rockFresnelA": 1.0,
        "rockFresnelB": 1.0,
        "rockRoughnessA": 1.0,
        "rockRoughnessB": 0.824000060558319,
        "shadowPenumbra": 0.0,
        "vegBump": 0.00100000004749745,
        "vegColor": {
            "x": 0.136806041002274,
            "y": 0.141176477074623,
            "z": 0.107404850423336
        },
        "waterColor": {
            "x": 0.431526303291321,
            "y": 0.863219082355499,
            "z": 0.901960790157318
        },
        "waterDepthToDiffuse": 0.0020000000949949,
        "waterDepthToFilter": 0.0100000007078052,
        "waterDepthToOpaque": 0.0007999999797903,
        "waterDepthToReflection": 0.00439999997615814,
        "waterFlowOffset": 0.405000030994415,
        "waterFlowRepeat": 6.1080002784729,
        "waterFlowSpeed": 0.311000019311905,
        "waterFoamRepeat": 5.97600030899048,
        "waterIndexOfRefraction": 1.00300002098083,
        "waterSpecularPower": 0.226000010967255,
        "waterTranslucentColor": {
            "x": 0.218999996781349,
            "y": 0.41100001335144,
            "z": 0.391999989748001
        },
        "waterWaveSpeed": 0.0926999971270561,
        "waveAmplitude": 0.00100000004749745,
        "waveAmplitudeLacunarity": 0.351000010967255,
        "waveAngle0": 0.0,
        "waveAngle1": 4.0,
        "waveAngle2": 1.0,
        "waveAngle3": 2.0,
        "waveChoppy": 5.95100021362305,
        "waveChoppyEase": 0.262000024318695,
        "waveDepthMap": 0.0200000014156103,
        "waveEffectLimit": 0.00100000004749745,
        "waveEffectStrength": 0.0130000002682209,
        "waveFrequency": 16.0,
        "waveFrequencyLacunarity": 1.94600009918213,
        "waveOctavesNum": 4,
        "waveScale0": 1.0,
        "waveScale1": 2.0,
        "waveScale2": 4.0,
        "waveScale3": 8.0,
        "waveSpeed": 0.0020000000949949,
        "waveSpeed0": 8,
        "waveSpeed1": 8,
        "waveSpeed2": 8,
        "waveSpeed3": 8,
        "waveStrength0": 1.0,
        "waveStrength1": 1.89999997615814,
        "waveStrength2": 0.219999998807907,
        "waveStrength3": 1.0
    },
    "TerrainSimulationProcess": {
        "ambientTemperature": 0.0,
        "boilSpeed": 0.000999999931082129,
        "condenseSpeed": 0.0306499991565943,
        "dirtDepositSpeed": 0.0470588020980358,
        "dirtDiffuseStrength": 0.00588000006973743,
        "dirtErodeSpeedMax": 0.229000017046928,
        "dirtErodeSpeedMin": 0.00500000035390258,
        "dirtMaxAngle": 0.00059999997029081,
        "dirtMinSlop": 0.0,
        "dirtMinSlope": 0.00176999997347593,
        "dirtPickupMinWaterSpeed": 0.0327957011759281,
        "dirtPickupRate": 9.99999974737875e-06,
        "dirtPickupSpeed": 5.00000023748726e-05,
        "dirtPickuptAndDepositSpeed": 1.51000003825175e-05,
        "dirtTransportSpeed": 0.00179999996908009,
        "dirtViscosity": 0.511000037193298,
        "drainMaxDepth": 0.0500000007450581,
        "drainRate": 0.000119999996968545,
        "erosionDirtDepthMax": 0.00119999994058162,
        "erosionMaxDepth": 0.00300000002607703,
        "erosionStrength": 7.04000001405802e-07,
        "erosionWaterDepthMax": 0.000999999931082129,
        "erosionWaterDepthMin": 9.99999974737875e-06,
        "erosionWaterSpeedMax": 0.0470000021159649,
        "evapourationRate": 0.0,
        "foamDecayRate": 0.995000064373016,
        "foamSpawnStrength": 0.0470000021159649,
        "heatAdvectSpeed": 0.176000013947487,
        "heatDiffuseStrength": 0.0,
        "m_vegGrowthRate": 0.0,
        "m_vegMaxDirt": 0.00242000003345311,
        "m_vegMaxSlope": 0.870589971542358,
        "m_vegMinDirt": 0.0,
        "m_vegMinSlope": 0.399999976158142,
        "maxDissolvedDirt": 0.0100000007078052,
        "maxErosionWaterVelocity": 0.0270000007003546,
        "meltSpeed": 9.99999974737875e-05,
        "moltenFluxDamping": 1.0,
        "moltenVelocityDamping": 0.800000011920929,
        "moltenVelocityScalar": 1.31200003623962,
        "moltenViscosity": 1.0,
        "moltenViscosityMax": 0.5,
        "moltenViscosityMin": 0.352000027894974,
        "mouseHeatStrength": 3.17999982833862,
        "mouseRadius": 0.148000001907349,
        "mouseVolumeStrength": 0.00471000000834465,
        "rainRate": 0.0,
        "rockDiffuseStrength": 0.00499999988824129,
        "rockMeltingPoint": 0.0470000021159649,
        "tempChangeSpeed": 0.0,
        "textureCycleSpeed": 0.0,
        "textureScrollSpeed": 0.13400000333786,
        "waterBoilingPoint": 0.100000001490116,
        "waterDiffuseStrength": 0.247309997677803,
        "waterFluxDamping": 0.995000064373016,
        "waterFreezingPoint": 0.0,
        "waterVelocityDamping": 0.873000025749207,
        "waterVelocityLimit": 0.00100000004749745,
        "waterVelocityScalar": 12.3699998855591,
        "waterViscosity": 0.173000007867813
    },
    "global": {}
}