{
    "TerrainMaterial": {
        "MapHeightOffset": 0.00499999988824129,
        "ambientLightIntensity": 2.0,
        "choppyLimit": 1.0,
        "choppyPower": 4.0,
        "directLightIntensity": 4.0,
        "dirtColor": {
            "x": 0.207843139767647,
            "y": 0.192903369665146,
            "z": 0.176870435476303
        },
        "dirtTextureRepeat": 1.48600006103516,
        "fogColorAway": {
            "x": 0.699999988079071,
            "y": 0.699999988079071,
            "z": 0.699999988079071
        },
        "fogColorTowards": {
            "x": 1.0,
            "y": 0.899999976158142,
            "z": 0.699999988079071
        },
        "fogDensity": 0.0,
        "fogFalloff": 385.135009765625,
        "fogHeight": 0.176000013947487,
        "hotRockColorA": {
            "x": 0.040030762553215,
            "y": 0.0562561936676502,
            "z": 0.0745098069310188
        },
        "hotRockColorB": {
            "x": 0.113725490868092,
            "y": 0.113725490868092,
            "z": 0.113725490868092
        },
        "hotRockFresnelA": 0.304000020027161,
        "hotRockFresnelB": 0.338000029325485,
        "hotRockRoughnessA": 0.703000009059906,
        "hotRockRoughnessB": 0.62200003862381,
        "lightAltitude": -0.366519153118134,
        "lightAzimuth": 0.715584993362427,
        "mapHeightOffset": 0.00499999988824129,
        "moltenColor": {
            "x": 1.0,
            "y": 0.304498255252838,
            "z": 0.117647051811218
        },
        "moltenFresnel": 1.0,
        "moltenMapAlphaPower": 0.811000049114227,
        "moltenMapAlphaScalar": 4.0,
        "moltenMapOffset": 0.0180000010877848,
        "moltenRoughness": 1.0,
        "rockColorA": {
            "x": 0.23137255012989,
            "y": 0.23137255012989,
            "z": 0.23137255012989
        },
        "rockColorB": {
            "x": 0.254901975393295,
            "y": 0.224055007100105,
            "z": 0.193925425410271
        },
        "rockDetailBumpStrength": 0.912000060081482,
        "rockDetailDiffuseStrength": 0.581000030040741,
        "rockFresnelA": 0.67600005865097,
        "rockFresnelB": 0.682000041007996,
        "rockRoughnessA": 1.0,
        "rockRoughnessB": 1.0,
        "vegBump": 0.00100000004749745,
        "vegColor": {
            "x": 0.136806041002274,
            "y": 0.141176477074623,
            "z": 0.107404850423336
        },
        "waterColor": {
            "x": 0.630434453487396,
            "y": 0.780392169952393,
            "z": 0.718644857406616
        },
        "waterIndexOfRefraction": 1.0,
        "waterSpecularPower": 133.262008666992,
        "waterTranslucentColor": {
            "x": 0.218999996781349,
            "y": 0.41100001335144,
            "z": 0.391999989748001
        },
        "waveAmplitude": 0.00100000004749745,
        "waveAmplitudeLacunarity": 0.351000010967255,
        "waveAngle0": 0.0,
        "waveAngle1": 4.0,
        "waveAngle2": 1.0,
        "waveAngle3": 2.0,
        "waveChoppy": 5.95100021362305,
        "waveChoppyEase": 0.262000024318695,
        "waveDepthMap": 0.0200000014156103,
        "waveEffectLimit": 0.00100000004749745,
        "waveEffectStrength": 0.0130000002682209,
        "waveFrequency": 16.0,
        "waveFrequencyLacunarity": 1.94600009918213,
        "waveOctavesNum": 4,
        "waveScale0": 1.0,
        "waveScale1": 2.0,
        "waveScale2": 4.0,
        "waveScale3": 8.0,
        "waveSpeed": 0.0020000000949949,
        "waveSpeed0": 8,
        "waveSpeed1": 8,
        "waveSpeed2": 8,
        "waveSpeed3": 8,
        "waveStrength0": 1.0,
        "waveStrength1": 1.89999997615814,
        "waveStrength2": 0.219999998807907,
        "waveStrength3": 1.0
    },
    "TerrainSimulationProcess": {
        "ambientTemperature": 0.237000018358231,
        "boilSpeed": 0.000999999931082129,
        "condenseSpeed": 0.00999999977648258,
        "dirtDepositSpeed": 0.0711764991283417,
        "dirtDiffuseStrength": 0.0999999940395355,
        "dirtErodeSpeedMax": 0.229000017046928,
        "dirtErodeSpeedMin": 0.00500000035390258,
        "dirtMinSlop": 0.0,
        "dirtMinSlope": 0.00176999997347593,
        "dirtPickupMinWaterSpeed": 0.00294120004400611,
        "dirtPickupRate": 6.46999978926033e-05,
        "dirtPickupSpeed": 5.00000023748726e-05,
        "dirtPickuptAndDepositSpeed": 1.51000003825175e-05,
        "dirtTransportSpeed": 0.00239999988116324,
        "drainMaxDepth": 0.0500000007450581,
        "drainRate": 7.999999797903e-05,
        "erosionDirtDepthMax": 0.00939999986439943,
        "erosionMaxDepth": 0.00300000002607703,
        "erosionStrength": 3.99999998990097e-06,
        "erosionWaterDepthMax": 0.000999999931082129,
        "erosionWaterDepthMin": 9.99999974737875e-06,
        "erosionWaterSpeedMax": 0.0470000021159649,
        "evapourationRate": 0.0,
        "heatAdvectSpeed": 0.212000012397766,
        "heatDiffuseStrength": 0.112000003457069,
        "m_vegGrowthRate": 0.0,
        "m_vegMaxDirt": 0.00242000003345311,
        "m_vegMaxSlope": 0.870589971542358,
        "m_vegMinDirt": 0.0,
        "m_vegMinSlope": 0.399999976158142,
        "maxDissolvedDirt": 0.0100000007078052,
        "maxErosionWaterVelocity": 0.0270000007003546,
        "meltSpeed": 9.99999974737875e-05,
        "moltenFluxDamping": 0.989000022411346,
        "moltenVelocityDamping": 0.875000059604645,
        "moltenVelocityScalar": 2.49500012397766,
        "moltenViscosity": 0.5,
        "moltenViscosityMax": 0.5,
        "moltenViscosityMin": 0.352000027894974,
        "mouseHeatStrength": 1.0,
        "mouseRadius": 0.0500000007450581,
        "mouseVolumeStrength": 0.00999999977648258,
        "rainRate": 1.49000004512345e-06,
        "rockDiffuseStrength": 0.00499999988824129,
        "rockMeltingPoint": 0.300000011920929,
        "tempChangeSpeed": 0.000119999996968545,
        "textureCycleSpeed": 0.0,
        "textureScrollSpeed": 0.13400000333786,
        "waterBoilingPoint": 0.100000001490116,
        "waterDiffuseStrength": 1.0,
        "waterFluxDamping": 0.986000061035156,
        "waterFreezingPoint": 0.0,
        "waterVelocityDamping": 0.966000020503998,
        "waterVelocityScalar": 1.07999992370605,
        "waterViscosity": 0.399000018835068
    },
    "global": {}
}