{
    "TerrainMaterial": {
        "MapHeightOffset": 0.00499999988824129,
        "ambientLightIntensity": 1.10800004005432,
        "choppyLimit": 1.0,
        "choppyPower": 4.0,
        "directLightIntensity": 1.12200009822845,
        "fogDensity": 1.3510000705719,
        "fogFalloff": 1000.00006103516,
        "fogHeight": 0.274000018835068,
        "lightAltitude": -0.85521137714386,
        "lightAzimuth": 0.0,
        "mapHeightOffset": 0.00499999988824129,
        "waterIndexOfRefraction": 1.0,
        "waterSpecularPower": 84.7260055541992,
        "waveAmplitude": 0.00100000004749745,
        "waveAmplitudeLacunarity": 0.351000010967255,
        "waveAngle0": 0.0,
        "waveAngle1": 4.0,
        "waveAngle2": 1.0,
        "waveAngle3": 2.0,
        "waveChoppy": 5.95100021362305,
        "waveChoppyEase": 0.262000024318695,
        "waveDepthMap": 0.0200000014156103,
        "waveEffectLimit": 0.00100000004749745,
        "waveEffectStrength": 0.0130000002682209,
        "waveFrequency": 16.0,
        "waveFrequencyLacunarity": 1.94600009918213,
        "waveOctavesNum": 4,
        "waveScale0": 1.0,
        "waveScale1": 2.0,
        "waveScale2": 4.0,
        "waveScale3": 8.0,
        "waveSpeed": 0.0020000000949949,
        "waveSpeed0": 8,
        "waveSpeed1": 8,
        "waveSpeed2": 8,
        "waveSpeed3": 8,
        "waveStrength0": 1.0,
        "waveStrength1": 1.89999997615814,
        "waveStrength2": 0.219999998807907,
        "waveStrength3": 1.0
    },
    "TerrainSimulationProcess": {
        "ambientTemperature": 0.0500000007450581,
        "condenseSpeed": 0.00999999977648258,
        "dirtDepositSpeed": 0.00225810008123517,
        "dirtDiffuseStrength": 0.00214999984018505,
        "dirtErodeSpeedMax": 0.151000007987022,
        "dirtErodeSpeedMin": 0.00500000035390258,
        "dirtMinSlop": 0.0,
        "dirtMinSlope": 0.00176999997347593,
        "dirtPickupSpeed": 3.20000003739551e-06,
        "dirtPickuptAndDepositSpeed": 1.51000003825175e-05,
        "dirtTransportSpeed": 0.532260000705719,
        "erosionDirtDepthMax": 0.00500000035390258,
        "erosionMaxDepth": 0.00300000002607703,
        "erosionStrength": 9.99999997475243e-07,
        "erosionWaterDepthMax": 0.0007999999797903,
        "erosionWaterDepthMin": 9.99999974737875e-06,
        "erosionWaterSpeedMax": 0.0120000001043081,
        "evapourationRate": 0.0,
        "heatAdvectSpeed": 0.118000008165836,
        "maxDissolvedDirt": 0.0100000007078052,
        "maxErosionWaterVelocity": 0.0270000007003546,
        "meltSpeed": 0.0,
        "moltenFluxDamping": 0.900000035762787,
        "moltenVelocityDamping": 0.904000043869019,
        "moltenVelocityScalar": 1.31800007820129,
        "moltenViscosity": 0.385000020265579,
        "moltenViscosityMax": 0.5,
        "moltenViscosityMin": 0.352000027894974,
        "mouseHeatStrength": 0.949999988079071,
        "mouseRadius": 0.0420000031590462,
        "mouseVolumeStrength": 0.00300000002607703,
        "rainRate": 0.0,
        "rockDiffuseStrength": 0.00499999988824129,
        "rockMeltingPoint": 0.300000011920929,
        "tempChangeSpeed": 0.0,
        "textureCycleSpeed": 0.0,
        "textureScrollSpeed": 0.13400000333786,
        "waterBoilingPoint": 0.100000001490116,
        "waterDiffuseStrength": 0.0999999940395355,
        "waterFluxDamping": 0.99700003862381,
        "waterFreezingPoint": 0.0,
        "waterVelocityDamping": 0.995000064373016,
        "waterVelocityScalar": 11.289999961853,
        "waterViscosity": 0.271000027656555
    },
    "global": {}
}