{
    "TerrainMaterial": {
        "MapHeightOffset": 0.00499999988824129,
        "ambientLightIntensity": 0.549000024795532,
        "choppyLimit": 1.0,
        "choppyPower": 4.0,
        "directLightIntensity": 0.473000019788742,
        "fogDensity": 0.0,
        "fogFalloff": 1000.00006103516,
        "fogHeight": 0.230000004172325,
        "lightAltitude": -0.41887903213501,
        "lightAzimuth": 0.0,
        "mapHeightOffset": 0.00499999988824129,
        "waterIndexOfRefraction": 0.757000029087067,
        "waterSpecularPower": 84.7260055541992,
        "waveAmplitude": 0.00100000004749745,
        "waveAmplitudeLacunarity": 0.351000010967255,
        "waveAngle0": 0.0,
        "waveAngle1": 4.0,
        "waveAngle2": 1.0,
        "waveAngle3": 2.0,
        "waveChoppy": 5.95100021362305,
        "waveChoppyEase": 0.262000024318695,
        "waveDepthMap": 0.0200000014156103,
        "waveEffectLimit": 0.00100000004749745,
        "waveEffectStrength": 0.0130000002682209,
        "waveFrequency": 16.0,
        "waveFrequencyLacunarity": 1.94600009918213,
        "waveOctavesNum": 4,
        "waveScale0": 1.0,
        "waveScale1": 2.0,
        "waveScale2": 4.0,
        "waveScale3": 8.0,
        "waveSpeed": 0.0020000000949949,
        "waveSpeed0": 8,
        "waveSpeed1": 8,
        "waveSpeed2": 8,
        "waveSpeed3": 8,
        "waveStrength0": 1.0,
        "waveStrength1": 1.89999997615814,
        "waveStrength2": 0.219999998807907,
        "waveStrength3": 1.0
    },
    "TerrainSimulationProcess": {
        "ambientTemperature": 0.0500000007450581,
        "condenseSpeed": 0.00999999977648258,
        "dirtTransportSpeed": 0.5,
        "erosionMaxDepth": 0.00100000004749745,
        "erosionStrength": 8.60000000102445e-05,
        "evapourationRate": 0.0,
        "heatAdvectSpeed": 0.484000027179718,
        "maxErosionWaterVelocity": 0.0270000007003546,
        "meltSpeed": 9.99999974737875e-06,
        "moltenFluxDamping": 0.900000035762787,
        "moltenViscosityMax": 0.5,
        "moltenViscosityMin": 0.5,
        "mouseHeatStrength": 0.0399999991059303,
        "mouseRadius": 0.5,
        "mouseVolumeStrength": 0.00166999991051853,
        "rainRate": 2.3999999143598e-07,
        "rockMeltingPoint": 0.300000011920929,
        "tempChangeSpeed": 0.00999999977648258,
        "textureCycleSpeed": 0.100000001490116,
        "textureScrollSpeed": 0.114000007510185,
        "waterBoilingPoint": 0.100000001490116,
        "waterFluxDamping": 1.0,
        "waterFreezingPoint": 0.0,
        "waterViscosity": 0.5
    },
    "global": {}
}