{
    "TerrainMaterial": {
        "MapHeightOffset": 0.00499999988824129,
        "ambientLightIntensity": 1.20000004768372,
        "choppyLimit": 1.0,
        "choppyPower": 4.0,
        "directLightIntensity": 1.11000001430511,
        "lightAltitude": -0.733038306236267,
        "lightAzimuth": 0.0,
        "mapHeightOffset": 0.00499999988824129,
        "waterIndexOfRefraction": 0.330000013113022,
        "waterSpecularPower": 84.7260055541992,
        "waveAmplitude": 0.00400000018998981,
        "waveAmplitudeLacunarity": 0.573000013828278,
        "waveAngle0": 0.0,
        "waveAngle1": 4.0,
        "waveAngle2": 1.0,
        "waveAngle3": 2.0,
        "waveChoppy": 5.95100021362305,
        "waveChoppyEase": 0.262000024318695,
        "waveDepthMap": 0.100000001490116,
        "waveEffectLimit": 0.00100000004749745,
        "waveEffectStrength": 0.0130000002682209,
        "waveFrequency": 6.43900012969971,
        "waveFrequencyLacunarity": 1.22000002861023,
        "waveOctavesNum": 5,
        "waveScale0": 1.0,
        "waveScale1": 2.0,
        "waveScale2": 4.0,
        "waveScale3": 8.0,
        "waveSpeed": 0.00900000054389238,
        "waveSpeed0": 8,
        "waveSpeed1": 8,
        "waveSpeed2": 8,
        "waveSpeed3": 8,
        "waveStrength0": 1.0,
        "waveStrength1": 1.89999997615814,
        "waveStrength2": 0.219999998807907,
        "waveStrength3": 1.0
    },
    "global": {}
}