{
    "TerrainMaterial": {
        "MapHeightOffset": 0.00499999988824129,
        "ambientLightIntensity": 0.986000061035156,
        "choppyLimit": 1.0,
        "choppyPower": 4.0,
        "directLightIntensity": 0.973000049591064,
        "fogColorAway": {
            "x": 0.699999988079071,
            "y": 0.699999988079071,
            "z": 0.699999988079071
        },
        "fogColorTowards": {
            "x": 1.0,
            "y": 0.899999976158142,
            "z": 0.699999988079071
        },
        "fogDensity": 0.0,
        "fogFalloff": 1000.00006103516,
        "fogHeight": 0.274000018835068,
        "hotRockColorA": {
            "x": 0.105882354080677,
            "y": 0.105882354080677,
            "z": 0.105882354080677
        },
        "hotRockColorB": {
            "x": 0.113725490868092,
            "y": 0.113725490868092,
            "z": 0.113725490868092
        },
        "hotRockFresnelA": 0.0,
        "hotRockFresnelB": 0.0,
        "hotRockRoughnessA": 0.176000013947487,
        "hotRockRoughnessB": 0.0880000069737434,
        "lightAltitude": -0.523598790168762,
        "lightAzimuth": -2.87979340553284,
        "mapHeightOffset": 0.00499999988824129,
        "moltenColor": {
            "x": 1.0,
            "y": 0.304498255252838,
            "z": 0.117647051811218
        },
        "moltenFresnel": 1.0,
        "moltenMapAlphaPower": 0.805000066757202,
        "moltenMapAlphaScalar": 1.18900001049042,
        "moltenRoughness": 1.0,
        "rockColorA": {
            "x": 0.156862750649452,
            "y": 0.156862750649452,
            "z": 0.156862750649452
        },
        "rockColorB": {
            "x": 0.160784319043159,
            "y": 0.160784319043159,
            "z": 0.160784319043159
        },
        "rockFresnelA": 1.0,
        "rockFresnelB": 0.804000020027161,
        "rockRoughnessA": 1.0,
        "rockRoughnessB": 0.973000049591064,
        "waterColor": {
            "x": 0.218999996781349,
            "y": 0.28600001335144,
            "z": 0.277999997138977
        },
        "waterIndexOfRefraction": 1.0,
        "waterSpecularPower": 84.7260055541992,
        "waterTranslucentColor": {
            "x": 0.218999996781349,
            "y": 0.41100001335144,
            "z": 0.391999989748001
        },
        "waveAmplitude": 0.00100000004749745,
        "waveAmplitudeLacunarity": 0.351000010967255,
        "waveAngle0": 0.0,
        "waveAngle1": 4.0,
        "waveAngle2": 1.0,
        "waveAngle3": 2.0,
        "waveChoppy": 5.95100021362305,
        "waveChoppyEase": 0.262000024318695,
        "waveDepthMap": 0.0200000014156103,
        "waveEffectLimit": 0.00100000004749745,
        "waveEffectStrength": 0.0130000002682209,
        "waveFrequency": 16.0,
        "waveFrequencyLacunarity": 1.94600009918213,
        "waveOctavesNum": 4,
        "waveScale0": 1.0,
        "waveScale1": 2.0,
        "waveScale2": 4.0,
        "waveScale3": 8.0,
        "waveSpeed": 0.0020000000949949,
        "waveSpeed0": 8,
        "waveSpeed1": 8,
        "waveSpeed2": 8,
        "waveSpeed3": 8,
        "waveStrength0": 1.0,
        "waveStrength1": 1.89999997615814,
        "waveStrength2": 0.219999998807907,
        "waveStrength3": 1.0
    },
    "TerrainSimulationProcess": {
        "ambientTemperature": 0.0500000007450581,
        "condenseSpeed": 0.00999999977648258,
        "dirtDepositSpeed": 0.00225810008123517,
        "dirtDiffuseStrength": 0.00214999984018505,
        "dirtErodeSpeedMax": 0.151000007987022,
        "dirtErodeSpeedMin": 0.00500000035390258,
        "dirtMinSlop": 0.0,
        "dirtMinSlope": 0.00176999997347593,
        "dirtPickupSpeed": 3.20000003739551e-06,
        "dirtPickuptAndDepositSpeed": 1.51000003825175e-05,
        "dirtTransportSpeed": 0.532260000705719,
        "erosionDirtDepthMax": 0.00500000035390258,
        "erosionMaxDepth": 0.00300000002607703,
        "erosionStrength": 9.99999997475243e-07,
        "erosionWaterDepthMax": 0.0007999999797903,
        "erosionWaterDepthMin": 9.99999974737875e-06,
        "erosionWaterSpeedMax": 0.0120000001043081,
        "evapourationRate": 0.0,
        "heatAdvectSpeed": 0.564999997615814,
        "maxDissolvedDirt": 0.0100000007078052,
        "maxErosionWaterVelocity": 0.0270000007003546,
        "meltSpeed": 9.99999974737875e-06,
        "moltenFluxDamping": 0.900000035762787,
        "moltenVelocityDamping": 0.833000063896179,
        "moltenVelocityScalar": 1.35500001907349,
        "moltenViscosity": 0.5,
        "moltenViscosityMax": 0.5,
        "moltenViscosityMin": 0.352000027894974,
        "mouseHeatStrength": 0.680000007152557,
        "mouseRadius": 0.0220000017434359,
        "mouseVolumeStrength": 0.00352999987080693,
        "rainRate": 0.0,
        "rockDiffuseStrength": 0.00499999988824129,
        "rockMeltingPoint": 0.300000011920929,
        "tempChangeSpeed": 0.0008799999486655,
        "textureCycleSpeed": 0.0,
        "textureScrollSpeed": 0.13400000333786,
        "waterBoilingPoint": 0.100000001490116,
        "waterDiffuseStrength": 0.0999999940395355,
        "waterFluxDamping": 0.99700003862381,
        "waterFreezingPoint": 0.0,
        "waterVelocityDamping": 0.995000064373016,
        "waterVelocityScalar": 11.289999961853,
        "waterViscosity": 0.271000027656555
    },
    "global": {}
}