{
    "TerrainMaterial": {
        "MapHeightOffset": 0.00499999988824129,
        "ambientLightIntensity": 2.0,
        "choppyLimit": 1.0,
        "choppyPower": 4.0,
        "directLightIntensity": 4.0,
        "dirtColor": {
            "x": 0.333333343267441,
            "y": 0.301468670368195,
            "z": 0.260130733251572
        },
        "fogColorAway": {
            "x": 0.699999988079071,
            "y": 0.699999988079071,
            "z": 0.699999988079071
        },
        "fogColorTowards": {
            "x": 1.0,
            "y": 0.899999976158142,
            "z": 0.699999988079071
        },
        "fogDensity": 6.75700044631958,
        "fogFalloff": 1000.00006103516,
        "fogHeight": 0.247000008821487,
        "hotRockColorA": {
            "x": 0.0431372560560703,
            "y": 0.0431372560560703,
            "z": 0.0431372560560703
        },
        "hotRockColorB": {
            "x": 0.062745101749897,
            "y": 0.062745101749897,
            "z": 0.062745101749897
        },
        "hotRockFresnelA": 0.263999998569489,
        "hotRockFresnelB": 0.291000008583069,
        "hotRockRoughnessA": 1.0,
        "hotRockRoughnessB": 0.128000006079674,
        "lightAltitude": -0.366519153118134,
        "lightAzimuth": -0.558505356311798,
        "mapHeightOffset": 0.00499999988824129,
        "moltenColor": {
            "x": 1.0,
            "y": 0.304498255252838,
            "z": 0.117647051811218
        },
        "moltenFresnel": 1.0,
        "moltenMapAlphaPower": 0.297000020742416,
        "moltenMapAlphaScalar": 1.97300004959106,
        "moltenMapOffset": 0.00300000002607703,
        "moltenRoughness": 1.0,
        "rockColorA": {
            "x": 0.0565013475716114,
            "y": 0.076116606593132,
            "z": 0.0862745121121407
        },
        "rockColorB": {
            "x": 0.207843139767647,
            "y": 0.207843139767647,
            "z": 0.207843139767647
        },
        "rockFresnelA": 0.730000019073486,
        "rockFresnelB": 1.0,
        "rockRoughnessA": 1.0,
        "rockRoughnessB": 0.966000020503998,
        "waterColor": {
            "x": 0.630434453487396,
            "y": 0.780392169952393,
            "z": 0.718644857406616
        },
        "waterIndexOfRefraction": 1.0,
        "waterSpecularPower": 142.182006835938,
        "waterTranslucentColor": {
            "x": 0.218999996781349,
            "y": 0.41100001335144,
            "z": 0.391999989748001
        },
        "waveAmplitude": 0.00100000004749745,
        "waveAmplitudeLacunarity": 0.351000010967255,
        "waveAngle0": 0.0,
        "waveAngle1": 4.0,
        "waveAngle2": 1.0,
        "waveAngle3": 2.0,
        "waveChoppy": 5.95100021362305,
        "waveChoppyEase": 0.262000024318695,
        "waveDepthMap": 0.0200000014156103,
        "waveEffectLimit": 0.00100000004749745,
        "waveEffectStrength": 0.0130000002682209,
        "waveFrequency": 16.0,
        "waveFrequencyLacunarity": 1.94600009918213,
        "waveOctavesNum": 4,
        "waveScale0": 1.0,
        "waveScale1": 2.0,
        "waveScale2": 4.0,
        "waveScale3": 8.0,
        "waveSpeed": 0.0020000000949949,
        "waveSpeed0": 8,
        "waveSpeed1": 8,
        "waveSpeed2": 8,
        "waveSpeed3": 8,
        "waveStrength0": 1.0,
        "waveStrength1": 1.89999997615814,
        "waveStrength2": 0.219999998807907,
        "waveStrength3": 1.0
    },
    "TerrainSimulationProcess": {
        "ambientTemperature": 0.0470000021159649,
        "boilSpeed": 0.00100000004749745,
        "condenseSpeed": 0.00999999977648258,
        "dirtDepositSpeed": 0.0020000000949949,
        "dirtDiffuseStrength": 0.059409998357296,
        "dirtErodeSpeedMax": 0.229000017046928,
        "dirtErodeSpeedMin": 0.00500000035390258,
        "dirtMinSlop": 0.0,
        "dirtMinSlope": 0.00176999997347593,
        "dirtPickupSpeed": 3.12000011035707e-05,
        "dirtPickuptAndDepositSpeed": 1.51000003825175e-05,
        "dirtTransportSpeed": 1.0,
        "erosionDirtDepthMax": 0.00309999985620379,
        "erosionMaxDepth": 0.00300000002607703,
        "erosionStrength": 4.8999998398358e-05,
        "erosionWaterDepthMax": 0.000999999931082129,
        "erosionWaterDepthMin": 3.9999998989515e-05,
        "erosionWaterSpeedMax": 0.0640000030398369,
        "evapourationRate": 0.0,
        "heatAdvectSpeed": 0.435000032186508,
        "heatDiffuseStrength": 0.0880000069737434,
        "maxDissolvedDirt": 0.0100000007078052,
        "maxErosionWaterVelocity": 0.0270000007003546,
        "meltSpeed": 4.99999987368938e-05,
        "moltenFluxDamping": 0.978000044822693,
        "moltenVelocityDamping": 0.822000026702881,
        "moltenVelocityScalar": 2.2590000629425,
        "moltenViscosity": 0.40200001001358,
        "moltenViscosityMax": 0.5,
        "moltenViscosityMin": 0.352000027894974,
        "mouseHeatStrength": 0.489999979734421,
        "mouseRadius": 0.0710000023245811,
        "mouseVolumeStrength": 0.0028800000436604,
        "rainRate": 4.99999998737621e-07,
        "rockDiffuseStrength": 0.00499999988824129,
        "rockMeltingPoint": 0.300000011920929,
        "tempChangeSpeed": 0.00323999999091029,
        "textureCycleSpeed": 0.0,
        "textureScrollSpeed": 0.13400000333786,
        "waterBoilingPoint": 0.100000001490116,
        "waterDiffuseStrength": 1.0,
        "waterFluxDamping": 0.981000065803528,
        "waterFreezingPoint": 0.0,
        "waterVelocityDamping": 0.989000022411346,
        "waterVelocityScalar": 0.589999973773956,
        "waterViscosity": 0.405000030994415
    },
    "global": {}
}