{
    "TerrainMaterial": {
        "MapHeightOffset": 0.00499999988824129,
        "ambientLightIntensity": 0.549000024795532,
        "choppyLimit": 1.0,
        "choppyPower": 4.0,
        "directLightIntensity": 1.75700008869171,
        "fogDensity": 1.3510000705719,
        "fogFalloff": 1000.00006103516,
        "fogHeight": 0.274000018835068,
        "lightAltitude": -0.41887903213501,
        "lightAzimuth": 0.0,
        "mapHeightOffset": 0.00499999988824129,
        "waterIndexOfRefraction": 1.0,
        "waterSpecularPower": 84.7260055541992,
        "waveAmplitude": 0.00100000004749745,
        "waveAmplitudeLacunarity": 0.351000010967255,
        "waveAngle0": 0.0,
        "waveAngle1": 4.0,
        "waveAngle2": 1.0,
        "waveAngle3": 2.0,
        "waveChoppy": 5.95100021362305,
        "waveChoppyEase": 0.262000024318695,
        "waveDepthMap": 0.0200000014156103,
        "waveEffectLimit": 0.00100000004749745,
        "waveEffectStrength": 0.0130000002682209,
        "waveFrequency": 16.0,
        "waveFrequencyLacunarity": 1.94600009918213,
        "waveOctavesNum": 4,
        "waveScale0": 1.0,
        "waveScale1": 2.0,
        "waveScale2": 4.0,
        "waveScale3": 8.0,
        "waveSpeed": 0.0020000000949949,
        "waveSpeed0": 8,
        "waveSpeed1": 8,
        "waveSpeed2": 8,
        "waveSpeed3": 8,
        "waveStrength0": 1.0,
        "waveStrength1": 1.89999997615814,
        "waveStrength2": 0.219999998807907,
        "waveStrength3": 1.0
    },
    "TerrainSimulationProcess": {
        "ambientTemperature": 0.0500000007450581,
        "condenseSpeed": 0.00999999977648258,
        "dirtDiffuseStrength": 0.00128999992739409,
        "dirtErodeSpeedMax": 1.0,
        "dirtErodeSpeedMin": 0.13400000333786,
        "dirtMinSlop": 0.0,
        "dirtMinSlope": 0.00176999997347593,
        "dirtPickuptAndDepositSpeed": 6.49999992674566e-06,
        "dirtTransportSpeed": 0.00100000004749745,
        "erosionMaxDepth": 0.00800000037997961,
        "erosionStrength": 0.00215049996040761,
        "evapourationRate": 0.0,
        "heatAdvectSpeed": 0.941000044345856,
        "maxDissolvedDirt": 0.100000001490116,
        "maxErosionWaterVelocity": 0.0270000007003546,
        "meltSpeed": 9.99999974737875e-06,
        "moltenFluxDamping": 0.900000035762787,
        "moltenViscosityMax": 0.5,
        "moltenViscosityMin": 0.352000027894974,
        "mouseHeatStrength": 0.280000001192093,
        "mouseRadius": 0.181000009179115,
        "mouseVolumeStrength": 0.00531999999657273,
        "rainRate": 9.99999997475243e-07,
        "rockDiffuseStrength": 0.00499999988824129,
        "rockMeltingPoint": 0.300000011920929,
        "tempChangeSpeed": 0.00527000008150935,
        "textureCycleSpeed": 0.100000001490116,
        "textureScrollSpeed": 0.13400000333786,
        "waterBoilingPoint": 0.100000001490116,
        "waterDiffuseStrength": 0.021509999409318,
        "waterFluxDamping": 0.958000063896179,
        "waterFreezingPoint": 0.0,
        "waterVelocityDamping": 0.984000027179718,
        "waterVelocityScalar": 1.17999994754791,
        "waterViscosity": 0.347000002861023
    },
    "global": {}
}