{
    "TerrainMaterial": {
        "MapHeightOffset": 0.00499999988824129,
        "ambientLightIntensity": 2.0,
        "choppyLimit": 1.0,
        "choppyPower": 4.0,
        "directLightIntensity": 1.64900004863739,
        "fogColorAway": {
            "x": 0.699999988079071,
            "y": 0.699999988079071,
            "z": 0.699999988079071
        },
        "fogColorTowards": {
            "x": 1.0,
            "y": 0.899999976158142,
            "z": 0.699999988079071
        },
        "fogDensity": 0.0,
        "fogFalloff": 1000.00006103516,
        "fogHeight": 0.274000018835068,
        "hotRockColorA": {
            "x": 0.200000002980232,
            "y": 0.200000002980232,
            "z": 0.200000002980232
        },
        "hotRockColorB": {
            "x": 0.23137255012989,
            "y": 0.23137255012989,
            "z": 0.23137255012989
        },
        "hotRockFresnelA": 1.0,
        "hotRockFresnelB": 1.0,
        "hotRockRoughnessA": 0.0,
        "hotRockRoughnessB": 0.0,
        "lightAltitude": 0.0,
        "lightAzimuth": 0.471238911151886,
        "mapHeightOffset": 0.00499999988824129,
        "moltenColor": {
            "x": 1.0,
            "y": 0.304498255252838,
            "z": 0.117647051811218
        },
        "moltenFresnel": 1.0,
        "moltenMapAlphaPower": 0.270000010728836,
        "moltenMapAlphaScalar": 0.946000039577484,
        "moltenRoughness": 1.0,
        "rockColorA": {
            "x": 0.211764708161354,
            "y": 0.211764708161354,
            "z": 0.211764708161354
        },
        "rockColorB": {
            "x": 0.117647059261799,
            "y": 0.117647059261799,
            "z": 0.117647059261799
        },
        "rockFresnelA": 1.0,
        "rockFresnelB": 1.0,
        "rockRoughnessA": 1.0,
        "rockRoughnessB": 1.0,
        "waterColor": {
            "x": 0.218999996781349,
            "y": 0.28600001335144,
            "z": 0.277999997138977
        },
        "waterIndexOfRefraction": 1.0,
        "waterSpecularPower": 84.7260055541992,
        "waterTranslucentColor": {
            "x": 0.218999996781349,
            "y": 0.41100001335144,
            "z": 0.391999989748001
        },
        "waveAmplitude": 0.00100000004749745,
        "waveAmplitudeLacunarity": 0.351000010967255,
        "waveAngle0": 0.0,
        "waveAngle1": 4.0,
        "waveAngle2": 1.0,
        "waveAngle3": 2.0,
        "waveChoppy": 5.95100021362305,
        "waveChoppyEase": 0.262000024318695,
        "waveDepthMap": 0.0200000014156103,
        "waveEffectLimit": 0.00100000004749745,
        "waveEffectStrength": 0.0130000002682209,
        "waveFrequency": 16.0,
        "waveFrequencyLacunarity": 1.94600009918213,
        "waveOctavesNum": 4,
        "waveScale0": 1.0,
        "waveScale1": 2.0,
        "waveScale2": 4.0,
        "waveScale3": 8.0,
        "waveSpeed": 0.0020000000949949,
        "waveSpeed0": 8,
        "waveSpeed1": 8,
        "waveSpeed2": 8,
        "waveSpeed3": 8,
        "waveStrength0": 1.0,
        "waveStrength1": 1.89999997615814,
        "waveStrength2": 0.219999998807907,
        "waveStrength3": 1.0
    },
    "TerrainSimulationProcess": {
        "ambientTemperature": 0.0540000014007092,
        "condenseSpeed": 0.00999999977648258,
        "dirtDepositSpeed": 0.00225810008123517,
        "dirtDiffuseStrength": 0.00214999984018505,
        "dirtErodeSpeedMax": 0.151000007987022,
        "dirtErodeSpeedMin": 0.00500000035390258,
        "dirtMinSlop": 0.0,
        "dirtMinSlope": 0.00176999997347593,
        "dirtPickupSpeed": 3.20000003739551e-06,
        "dirtPickuptAndDepositSpeed": 1.51000003825175e-05,
        "dirtTransportSpeed": 0.532260000705719,
        "erosionDirtDepthMax": 0.00500000035390258,
        "erosionMaxDepth": 0.00300000002607703,
        "erosionStrength": 9.99999997475243e-07,
        "erosionWaterDepthMax": 0.0007999999797903,
        "erosionWaterDepthMin": 9.99999974737875e-06,
        "erosionWaterSpeedMax": 0.0120000001043081,
        "evapourationRate": 0.0,
        "heatAdvectSpeed": 0.495000034570694,
        "heatDiffuseStrength": 0.5,
        "maxDissolvedDirt": 0.0100000007078052,
        "maxErosionWaterVelocity": 0.0270000007003546,
        "meltSpeed": 0.0,
        "moltenFluxDamping": 0.978000044822693,
        "moltenVelocityDamping": 0.868000030517578,
        "moltenVelocityScalar": 1.93500006198883,
        "moltenViscosity": 0.5,
        "moltenViscosityMax": 0.5,
        "moltenViscosityMin": 0.352000027894974,
        "mouseHeatStrength": 0.579999983310699,
        "mouseRadius": 0.0470000021159649,
        "mouseVolumeStrength": 0.00517999986186624,
        "rainRate": 0.0,
        "rockDiffuseStrength": 0.00499999988824129,
        "rockMeltingPoint": 0.300000011920929,
        "tempChangeSpeed": 0.00306000001728535,
        "textureCycleSpeed": 0.0,
        "textureScrollSpeed": 0.13400000333786,
        "waterBoilingPoint": 0.100000001490116,
        "waterDiffuseStrength": 1.0,
        "waterFluxDamping": 0.99700003862381,
        "waterFreezingPoint": 0.0,
        "waterVelocityDamping": 0.995000064373016,
        "waterVelocityScalar": 11.289999961853,
        "waterViscosity": 0.271000027656555
    },
    "global": {}
}