{
    "TerrainMaterial": {
        "MapHeightOffset": 0.00499999988824129,
        "ambientLightIntensity": 2.0,
        "choppyLimit": 1.0,
        "choppyPower": 4.0,
        "directLightIntensity": 4.0,
        "dirtColor": {
            "x": 1.0,
            "y": 0.964705884456635,
            "z": 0.964705884456635
        },
        "dirtTextureRepeat": 1.48600006103516,
        "fogColorAway": {
            "x": 0.699999988079071,
            "y": 0.699999988079071,
            "z": 0.699999988079071
        },
        "fogColorTowards": {
            "x": 1.0,
            "y": 0.899999976158142,
            "z": 0.699999988079071
        },
        "fogDensity": 0.0,
        "fogFalloff": 385.135009765625,
        "fogHeight": 0.176000013947487,
        "hotRockColorA": {
            "x": 0.0666666701436043,
            "y": 0.0666666701436043,
            "z": 0.0666666701436043
        },
        "hotRockColorB": {
            "x": 0.121568627655506,
            "y": 0.121568627655506,
            "z": 0.121568627655506
        },
        "hotRockFresnelA": 0.764000058174133,
        "hotRockFresnelB": 0.770000040531158,
        "hotRockRoughnessA": 0.541000008583069,
        "hotRockRoughnessB": 0.587999999523163,
        "lightAltitude": -0.191986232995987,
        "lightAzimuth": 0.942477822303772,
        "mapHeightOffset": 0.00499999988824129,
        "moltenColor": {
            "x": 1.0,
            "y": 0.41743940114975,
            "z": 0.188235282897949
        },
        "moltenFresnel": 1.0,
        "moltenMapAlphaPower": 2.37800002098083,
        "moltenMapAlphaScalar": 5.13500022888184,
        "moltenMapOffset": 0.0100000007078052,
        "moltenRoughness": 1.0,
        "rockColorA": {
            "x": 0.164244517683983,
            "y": 0.214397177100182,
            "z": 0.235294118523598
        },
        "rockColorB": {
            "x": 0.193894669413567,
            "y": 0.227474510669708,
            "z": 0.250980406999588
        },
        "rockDetailBumpStrength": 10.8110008239746,
        "rockDetailDiffuseStrength": 0.568000018596649,
        "rockFresnelA": 0.5,
        "rockFresnelB": 0.811000049114227,
        "rockRoughnessA": 0.87200003862381,
        "rockRoughnessB": 0.87200003862381,
        "vegBump": 0.00100000004749745,
        "vegColor": {
            "x": 0.136806041002274,
            "y": 0.141176477074623,
            "z": 0.107404850423336
        },
        "waterColor": {
            "x": 0.332179933786392,
            "y": 0.39215686917305,
            "z": 0.38862881064415
        },
        "waterIndexOfRefraction": 1.0,
        "waterSpecularPower": 133.262008666992,
        "waterTranslucentColor": {
            "x": 0.218999996781349,
            "y": 0.41100001335144,
            "z": 0.391999989748001
        },
        "waveAmplitude": 0.00100000004749745,
        "waveAmplitudeLacunarity": 0.351000010967255,
        "waveAngle0": 0.0,
        "waveAngle1": 4.0,
        "waveAngle2": 1.0,
        "waveAngle3": 2.0,
        "waveChoppy": 5.95100021362305,
        "waveChoppyEase": 0.262000024318695,
        "waveDepthMap": 0.0200000014156103,
        "waveEffectLimit": 0.00100000004749745,
        "waveEffectStrength": 0.0130000002682209,
        "waveFrequency": 16.0,
        "waveFrequencyLacunarity": 1.94600009918213,
        "waveOctavesNum": 4,
        "waveScale0": 1.0,
        "waveScale1": 2.0,
        "waveScale2": 4.0,
        "waveScale3": 8.0,
        "waveSpeed": 0.0020000000949949,
        "waveSpeed0": 8,
        "waveSpeed1": 8,
        "waveSpeed2": 8,
        "waveSpeed3": 8,
        "waveStrength0": 1.0,
        "waveStrength1": 1.89999997615814,
        "waveStrength2": 0.219999998807907,
        "waveStrength3": 1.0
    },
    "TerrainSimulationProcess": {
        "ambientTemperature": 0.0,
        "boilSpeed": 0.000999999931082129,
        "condenseSpeed": 0.0306499991565943,
        "dirtDepositSpeed": 0.100000001490116,
        "dirtDiffuseStrength": 0.00588000006973743,
        "dirtErodeSpeedMax": 0.229000017046928,
        "dirtErodeSpeedMin": 0.00500000035390258,
        "dirtMinSlop": 0.0,
        "dirtMinSlope": 0.00176999997347593,
        "dirtPickupMinWaterSpeed": 0.00470589986070991,
        "dirtPickupRate": 2.64999998762505e-05,
        "dirtPickupSpeed": 5.00000023748726e-05,
        "dirtPickuptAndDepositSpeed": 1.51000003825175e-05,
        "dirtTransportSpeed": 0.00999999977648258,
        "drainMaxDepth": 0.0500000007450581,
        "drainRate": 9.00000013643876e-05,
        "erosionDirtDepthMax": 0.00119999994058162,
        "erosionMaxDepth": 0.00300000002607703,
        "erosionStrength": 0.0,
        "erosionWaterDepthMax": 0.000999999931082129,
        "erosionWaterDepthMin": 9.99999974737875e-06,
        "erosionWaterSpeedMax": 0.0470000021159649,
        "evapourationRate": 0.0,
        "heatAdvectSpeed": 1.17599999904633,
        "heatDiffuseStrength": 0.0,
        "m_vegGrowthRate": 0.0,
        "m_vegMaxDirt": 0.00242000003345311,
        "m_vegMaxSlope": 0.870589971542358,
        "m_vegMinDirt": 0.0,
        "m_vegMinSlope": 0.399999976158142,
        "maxDissolvedDirt": 0.0100000007078052,
        "maxErosionWaterVelocity": 0.0270000007003546,
        "meltSpeed": 9.99999997475243e-07,
        "moltenFluxDamping": 1.0,
        "moltenVelocityDamping": 0.800000011920929,
        "moltenVelocityScalar": 0.25900000333786,
        "moltenViscosity": 1.0,
        "moltenViscosityMax": 0.5,
        "moltenViscosityMin": 0.352000027894974,
        "mouseHeatStrength": 0.0599999986588955,
        "mouseRadius": 0.0820000022649765,
        "mouseVolumeStrength": 0.0034099998883903,
        "rainRate": 0.0,
        "rockDiffuseStrength": 0.00499999988824129,
        "rockMeltingPoint": 0.0470000021159649,
        "tempChangeSpeed": 0.00134999991860241,
        "textureCycleSpeed": 0.0,
        "textureScrollSpeed": 0.13400000333786,
        "waterBoilingPoint": 0.100000001490116,
        "waterDiffuseStrength": 0.247060000896454,
        "waterFluxDamping": 0.999000072479248,
        "waterFreezingPoint": 0.0,
        "waterVelocityDamping": 0.966000020503998,
        "waterVelocityScalar": 1.07999992370605,
        "waterViscosity": 0.200000002980232
    },
    "global": {}
}