{
    "TerrainMaterial": {
        "MapHeightOffset": 0.00499999988824129,
        "ambientLightIntensity": 1.39000010490417,
        "choppyLimit": 1.0,
        "choppyPower": 4.0,
        "directLightIntensity": 1.53700006008148,
        "fogDensity": 8.78400039672852,
        "fogFalloff": 1000.00006103516,
        "fogHeight": 0.209000006318092,
        "lightAltitude": -0.41887903213501,
        "lightAzimuth": 0.0,
        "mapHeightOffset": 0.00499999988824129,
        "waterIndexOfRefraction": 0.330000013113022,
        "waterSpecularPower": 84.7260055541992,
        "waveAmplitude": 0.00400000018998981,
        "waveAmplitudeLacunarity": 0.351000010967255,
        "waveAngle0": 0.0,
        "waveAngle1": 4.0,
        "waveAngle2": 1.0,
        "waveAngle3": 2.0,
        "waveChoppy": 5.95100021362305,
        "waveChoppyEase": 0.262000024318695,
        "waveDepthMap": 0.100000001490116,
        "waveEffectLimit": 0.00100000004749745,
        "waveEffectStrength": 0.0130000002682209,
        "waveFrequency": 8.0,
        "waveFrequencyLacunarity": 1.94600009918213,
        "waveOctavesNum": 5,
        "waveScale0": 1.0,
        "waveScale1": 2.0,
        "waveScale2": 4.0,
        "waveScale3": 8.0,
        "waveSpeed": 0.00400000018998981,
        "waveSpeed0": 8,
        "waveSpeed1": 8,
        "waveSpeed2": 8,
        "waveSpeed3": 8,
        "waveStrength0": 1.0,
        "waveStrength1": 1.89999997615814,
        "waveStrength2": 0.219999998807907,
        "waveStrength3": 1.0
    },
    "global": {}
}