{
    "TerrainMaterial": {
        "MapHeightOffset": 0.00499999988824129,
        "ambientLightIntensity": 2.0,
        "choppyLimit": 1.0,
        "choppyPower": 4.0,
        "directLightIntensity": 4.0,
        "fogColorAway": {
            "x": 0.699999988079071,
            "y": 0.699999988079071,
            "z": 0.699999988079071
        },
        "fogColorTowards": {
            "x": 1.0,
            "y": 0.899999976158142,
            "z": 0.699999988079071
        },
        "fogDensity": 0.0,
        "fogFalloff": 1000.00006103516,
        "fogHeight": 0.274000018835068,
        "hotRockColorA": {
            "x": 0.0431372560560703,
            "y": 0.0431372560560703,
            "z": 0.0431372560560703
        },
        "hotRockColorB": {
            "x": 0.062745101749897,
            "y": 0.062745101749897,
            "z": 0.062745101749897
        },
        "hotRockFresnelA": 0.263999998569489,
        "hotRockFresnelB": 0.291000008583069,
        "hotRockRoughnessA": 1.0,
        "hotRockRoughnessB": 0.128000006079674,
        "lightAltitude": -0.226892814040184,
        "lightAzimuth": -0.506145477294922,
        "mapHeightOffset": 0.00499999988824129,
        "moltenColor": {
            "x": 1.0,
            "y": 0.304498255252838,
            "z": 0.117647051811218
        },
        "moltenFresnel": 1.0,
        "moltenMapAlphaPower": 0.297000020742416,
        "moltenMapAlphaScalar": 1.97300004959106,
        "moltenRoughness": 1.0,
        "rockColorA": {
            "x": 0.0565013475716114,
            "y": 0.076116606593132,
            "z": 0.0862745121121407
        },
        "rockColorB": {
            "x": 0.207843139767647,
            "y": 0.207843139767647,
            "z": 0.207843139767647
        },
        "rockFresnelA": 0.723000049591064,
        "rockFresnelB": 1.0,
        "rockRoughnessA": 0.682000041007996,
        "rockRoughnessB": 1.0,
        "waterColor": {
            "x": 0.218999996781349,
            "y": 0.28600001335144,
            "z": 0.277999997138977
        },
        "waterIndexOfRefraction": 1.0,
        "waterSpecularPower": 84.7260055541992,
        "waterTranslucentColor": {
            "x": 0.218999996781349,
            "y": 0.41100001335144,
            "z": 0.391999989748001
        },
        "waveAmplitude": 0.00100000004749745,
        "waveAmplitudeLacunarity": 0.351000010967255,
        "waveAngle0": 0.0,
        "waveAngle1": 4.0,
        "waveAngle2": 1.0,
        "waveAngle3": 2.0,
        "waveChoppy": 5.95100021362305,
        "waveChoppyEase": 0.262000024318695,
        "waveDepthMap": 0.0200000014156103,
        "waveEffectLimit": 0.00100000004749745,
        "waveEffectStrength": 0.0130000002682209,
        "waveFrequency": 16.0,
        "waveFrequencyLacunarity": 1.94600009918213,
        "waveOctavesNum": 4,
        "waveScale0": 1.0,
        "waveScale1": 2.0,
        "waveScale2": 4.0,
        "waveScale3": 8.0,
        "waveSpeed": 0.0020000000949949,
        "waveSpeed0": 8,
        "waveSpeed1": 8,
        "waveSpeed2": 8,
        "waveSpeed3": 8,
        "waveStrength0": 1.0,
        "waveStrength1": 1.89999997615814,
        "waveStrength2": 0.219999998807907,
        "waveStrength3": 1.0
    },
    "TerrainSimulationProcess": {
        "ambientTemperature": 0.0,
        "condenseSpeed": 0.00999999977648258,
        "dirtDepositSpeed": 0.00225810008123517,
        "dirtDiffuseStrength": 0.00859999936074018,
        "dirtErodeSpeedMax": 0.151000007987022,
        "dirtErodeSpeedMin": 0.00500000035390258,
        "dirtMinSlop": 0.0,
        "dirtMinSlope": 0.00176999997347593,
        "dirtPickupSpeed": 3.20000003739551e-06,
        "dirtPickuptAndDepositSpeed": 1.51000003825175e-05,
        "dirtTransportSpeed": 1.0,
        "erosionDirtDepthMax": 0.00500000035390258,
        "erosionMaxDepth": 0.00300000002607703,
        "erosionStrength": 3.99999998990097e-06,
        "erosionWaterDepthMax": 0.0007999999797903,
        "erosionWaterDepthMin": 9.99999974737875e-06,
        "erosionWaterSpeedMax": 0.0120000001043081,
        "evapourationRate": 0.0,
        "heatAdvectSpeed": 0.76500004529953,
        "heatDiffuseStrength": 0.0290000010281801,
        "maxDissolvedDirt": 0.0100000007078052,
        "maxErosionWaterVelocity": 0.0270000007003546,
        "meltSpeed": 0.0,
        "moltenFluxDamping": 0.978000044822693,
        "moltenVelocityDamping": 0.820000052452087,
        "moltenVelocityScalar": 2.2590000629425,
        "moltenViscosity": 0.5,
        "moltenViscosityMax": 0.5,
        "moltenViscosityMin": 0.352000027894974,
        "mouseHeatStrength": 1.0,
        "mouseRadius": 0.0760000050067902,
        "mouseVolumeStrength": 0.000709999992977828,
        "rainRate": 0.0,
        "rockDiffuseStrength": 0.00499999988824129,
        "rockMeltingPoint": 0.300000011920929,
        "tempChangeSpeed": 0.00023999999393709,
        "textureCycleSpeed": 0.0,
        "textureScrollSpeed": 0.13400000333786,
        "waterBoilingPoint": 0.100000001490116,
        "waterDiffuseStrength": 0.435289978981018,
        "waterFluxDamping": 0.99700003862381,
        "waterFreezingPoint": 0.0,
        "waterVelocityDamping": 0.995000064373016,
        "waterVelocityScalar": 11.289999961853,
        "waterViscosity": 0.271000027656555
    },
    "global": {}
}