{
    "CubeMapSkyMaterial": {
        "intensity": 0.5,
        "mipLevel": 4.25699996948242
    },
    "Renderer": {
        "m_bloomPower": 1.10500001907349,
        "m_bloomStrength": 0.0
    },
    "SmokeParticleMaterial": {
        "baseColor": {
            "x": 0.0,
            "y": 0.0,
            "z": 0.0
        },
        "density": 3.18200016021729,
        "filterColor": {
            "x": 1.0,
            "y": 1.0,
            "z": 1.0
        },
        "filterPower": 1.0,
        "filterStrength": 1.09800004959106
    },
    "SteamPass": {
        "fadeInTime": 0.330000013113022,
        "fadeOutTime": 1.0,
        "life": {
            "x": 2.20900011062622,
            "y": 6.73000049591064
        },
        "particleSize": 0.00400000018998981,
        "positionAccelerationMax": {
            "x": 0.0,
            "y": 7.99999997980194e-06,
            "z": 0.0
        },
        "positionAccelerationMin": {
            "x": 0.0,
            "y": 0.0,
            "z": 0.0
        },
        "positionDamping": {
            "x": 0.0300000011920929,
            "y": 0.0300000011920929
        },
        "sizeAcceleration": {
            "x": 6.00000021222513e-06,
            "y": 1.99999999495049e-06
        },
        "sizeDamping": {
            "x": 0.47800001502037,
            "y": 0.537000000476837
        },
        "spawnDelay": {
            "x": 0.0,
            "y": 1.0
        },
        "spawnSize": 0.073000006377697,
        "spawnThreshold": {
            "x": 0.78600001335144,
            "y": 1.0
        },
        "spawnVelocityMax": {
            "x": 0.0,
            "y": 0.000999999931082129,
            "z": 0.0
        },
        "spawnVelocityMin": {
            "x": 0.0,
            "y": 0.000130000000353903,
            "z": 0.0
        }
    },
    "TerrainMaterial": {
        "MapHeightOffset": 0.00499999988824129,
        "ambientLightIntensity": 2.93900012969971,
        "bearingCreaseScalar": 1.89000010490417,
        "choppyLimit": 1.0,
        "choppyPower": 4.0,
        "creaseDistortStrength": 0.0,
        "creaseFlowOffset": 0.108000002801418,
        "creaseFlowSpeed": 0.176000013947487,
        "creaseForwardScalar": 0.0360000021755695,
        "creaseFrequency": 0.0,
        "creaseGridRepeat": 50.0000038146973,
        "creaseMapRepeat": 1.01400005817413,
        "creaseMipLevel": 0.0,
        "creaseNormalStrength": 0.0,
        "creaseRatio": 0.486000031232834,
        "creaseSampleMip": 0.0,
        "creaseSampleOffset": 0.0,
        "directLightIntensity": 0.0,
        "dirtColor": {
            "x": 0.564705908298492,
            "y": 0.542091608047485,
            "z": 0.502699017524719
        },
        "dirtHeightToOpaque": 0.0120000001043081,
        "dirtTextureRepeat": 1.48600006103516,
        "dissolvedDirtDepthToDiffuse": 0.00609999988228083,
        "dissolvedDirtDesnsityScalar": 1000.00006103516,
        "foamAlphaStrength": 0.0,
        "foamDistortStrength": 0.0,
        "foamReat": 10.0,
        "fogColorAway": {
            "x": 0.699999988079071,
            "y": 0.699999988079071,
            "z": 0.699999988079071
        },
        "fogColorTowards": {
            "x": 1.0,
            "y": 0.899999976158142,
            "z": 0.699999988079071
        },
        "fogDensity": 0.0,
        "fogFalloff": 385.135009765625,
        "fogHeight": 0.176000013947487,
        "glowDetailPwoerr": 0.405000030994415,
        "glowDetailScalar": 0.115000002086163,
        "glowPower": 2.56800007820129,
        "glowScalar": 5.44400024414063,
        "heightScalar": 0.0,
        "hotRockColor": {
            "x": 0.0588235296308994,
            "y": 0.0588235296308994,
            "z": 0.0588235296308994
        },
        "hotRockColorA": {
            "x": 0.0666666701436043,
            "y": 0.0666666701436043,
            "z": 0.0666666701436043
        },
        "hotRockColorB": {
            "x": 0.0823529437184334,
            "y": 0.0823529437184334,
            "z": 0.0823529437184334
        },
        "hotRockFresnel": 0.682000041007996,
        "hotRockFresnelA": 1.0,
        "hotRockFresnelB": 1.0,
        "hotRockRoughness": 1.0,
        "hotRockRoughnessA": 0.62200003862381,
        "hotRockRoughnessB": 0.615000009536743,
        "lateralCreaseScalar": 0.0610000044107437,
        "lightAltitude": -0.383972465991974,
        "lightAzimuth": -2.79252696037292,
        "lightDistance": 1.14900004863739,
        "mapHeightOffset": 0.00499999988824129,
        "moltemColorScalar": 9.98600006103516,
        "moltenAlphaPower": 0.62200003862381,
        "moltenAlphaScalar": 2.23000001907349,
        "moltenColor": {
            "x": 1.0,
            "y": 0.436539769172668,
            "z": 0.188235282897949
        },
        "moltenCreaseAlpha": 0.797000050544739,
        "moltenCreaseAlphaPower": 1.05400002002716,
        "moltenFlowOffset": 0.0600000023841858,
        "moltenFlowSpeed": 0.163000002503395,
        "moltenFresnel": 1.0,
        "moltenMapAlphaPower": 1.08100008964539,
        "moltenMapAlphaScalar": 1.02700006961823,
        "moltenMapOffset": 0.00300000002607703,
        "moltenPlateAlpha": 1.0,
        "moltenPlateAlphaPower": 3.32400012016296,
        "moltenRoughness": 1.0,
        "rockColorA": {
            "x": 0.0530565157532692,
            "y": 0.0766510590910912,
            "z": 0.0901960805058479
        },
        "rockColorB": {
            "x": 0.103836990892887,
            "y": 0.113517247140408,
            "z": 0.125490203499794
        },
        "rockDetailBumpSlopePower": 14.7560005187988,
        "rockDetailBumpStrength": 1.20200002193451,
        "rockDetailDiffuseStrength": 0.0,
        "rockFresnelA": 1.0,
        "rockFresnelB": 0.108000002801418,
        "rockReflectivity": 0.0,
        "rockRoughnessA": 0.953000068664551,
        "rockRoughnessB": 0.939000070095062,
        "shadowPenumbra": 0.0,
        "smudgeSampleMip": 0.0,
        "smudgeSampleOffset": 0.0,
        "smudgeUVStrength": 0.0,
        "uvRepeat": 2.46800017356873,
        "vegBump": 0.00100000004749745,
        "vegColor": {
            "x": 0.136806041002274,
            "y": 0.141176477074623,
            "z": 0.107404850423336
        },
        "waterColor": {
            "x": 0.22991156578064,
            "y": 0.901960790157318,
            "z": 0.720112085342407
        },
        "waterDepthToDiffuse": 0.00300000002607703,
        "waterDepthToFilter": 0.00027999997837469,
        "waterDepthToOpaque": 0.0007999999797903,
        "waterDepthToReflection": 0.00027999997837469,
        "waterFlowOffset": 0.0110000008717179,
        "waterFlowRepeat": 4.28400039672852,
        "waterFlowSpeed": 0.135000005364418,
        "waterFoamRepeat": 5.97600030899048,
        "waterIndexOfRefraction": 0.92600005865097,
        "waterSpecularPower": 1.0,
        "waterTranslucentColor": {
            "x": 0.218999996781349,
            "y": 0.41100001335144,
            "z": 0.391999989748001
        },
        "waterWaveAmplitude": 0.00188999995589256,
        "waterWaveFrequencyBase": 11.7030010223389,
        "waterWaveFrequencyScalar": 1.02700006961823,
        "waterWaveLevels": 5,
        "waterWaveRoughness": 0.568000018596649,
        "waterWaveSpeed": 0.0769999995827675,
        "waterWavesFrequencyBase": 5.16200017929077,
        "waterWavesFrequencyScalar": 1.0,
        "waveAmplitude": 0.00100000004749745,
        "waveAmplitudeLacunarity": 0.351000010967255,
        "waveAngle0": 0.0,
        "waveAngle1": 4.0,
        "waveAngle2": 1.0,
        "waveAngle3": 2.0,
        "waveChoppy": 5.95100021362305,
        "waveChoppyEase": 0.262000024318695,
        "waveDepthMap": 0.0200000014156103,
        "waveEffectLimit": 0.00100000004749745,
        "waveEffectStrength": 0.0130000002682209,
        "waveFrequency": 16.0,
        "waveFrequencyLacunarity": 1.94600009918213,
        "waveOctavesNum": 4,
        "waveScale0": 1.0,
        "waveScale1": 2.0,